Number of Test,Mean absolute error
0.0,0.8923338223067228
1.0,0.8383020764010157
2.0,0.8801239414410705
3.0,0.8694736558022356
4.0,0.859275521816567
5.0,0.8476951439885583
6.0,0.8440411054459613
7.0,0.8411430722741415
8.0,0.8408711261894416
9.0,0.842224701088835
