Number of eigenvalues,Mean absolute error
10.0,0.8497855339514907
20.0,0.9667132300460671
30.0,0.9921049637766632
40.0,1.1095577321826808
50.0,1.171893009373448
60.0,1.199031587203136
70.0,1.215597263167028
80.0,1.3026245708142878
90.0,1.3878242259525069
100.0,1.3826731891204038
